name,command
\.\/chip-tool,
accesscontrol,command-by-id
accesscontrol,read-by-id
accesscontrol,read
accesscontrol,write-by-id
accesscontrol,write
accesscontrol,force-write
accesscontrol,subscribe-by-id
accesscontrol,subscribe
accesscontrol,read-event-by-id
accesscontrol,read-event
accesscontrol,subscribe-event-by-id
accesscontrol,subscribe-event
accountlogin,command-by-id
accountlogin,get-setup-pin
accountlogin,login
accountlogin,logout
accountlogin,read-by-id
accountlogin,read
accountlogin,write-by-id
accountlogin,force-write
accountlogin,subscribe-by-id
accountlogin,subscribe
accountlogin,read-event-by-id
accountlogin,read-event
accountlogin,subscribe-event-by-id
accountlogin,subscribe-event
actions,command-by-id
actions,instant-action
actions,instant-action-with-transition
actions,start-action
actions,start-action-with-duration
actions,stop-action
actions,pause-action
actions,pause-action-with-duration
actions,resume-action
actions,enable-action
actions,enable-action-with-duration
actions,disable-action
actions,disable-action-with-duration
actions,read-by-id
actions,read
actions,write-by-id
actions,force-write
actions,subscribe-by-id
actions,subscribe
actions,read-event-by-id
actions,read-event
actions,subscribe-event-by-id
actions,subscribe-event
activatedcarbonfiltermonitoring,command-by-id
activatedcarbonfiltermonitoring,reset-condition
activatedcarbonfiltermonitoring,read-by-id
activatedcarbonfiltermonitoring,read
activatedcarbonfiltermonitoring,write-by-id
activatedcarbonfiltermonitoring,force-write
activatedcarbonfiltermonitoring,write
activatedcarbonfiltermonitoring,subscribe-by-id
activatedcarbonfiltermonitoring,subscribe
activatedcarbonfiltermonitoring,read-event-by-id
activatedcarbonfiltermonitoring,subscribe-event-by-id
administratorcommissioning,command-by-id
administratorcommissioning,open-commissioning-window
administratorcommissioning,open-basic-commissioning-window
administratorcommissioning,revoke-commissioning
administratorcommissioning,read-by-id
administratorcommissioning,read
administratorcommissioning,write-by-id
administratorcommissioning,force-write
administratorcommissioning,subscribe-by-id
administratorcommissioning,subscribe
administratorcommissioning,read-event-by-id
administratorcommissioning,subscribe-event-by-id
airquality,command-by-id
airquality,read-by-id
airquality,read
airquality,write-by-id
airquality,force-write
airquality,subscribe-by-id
airquality,subscribe
airquality,read-event-by-id
airquality,subscribe-event-by-id
applicationbasic,command-by-id
applicationbasic,read-by-id
applicationbasic,read
applicationbasic,write-by-id
applicationbasic,force-write
applicationbasic,subscribe-by-id
applicationbasic,subscribe
applicationbasic,read-event-by-id
applicationbasic,subscribe-event-by-id
applicationlauncher,command-by-id
applicationlauncher,launch-app
applicationlauncher,stop-app
applicationlauncher,hide-app
applicationlauncher,read-by-id
applicationlauncher,read
applicationlauncher,write-by-id
applicationlauncher,force-write
applicationlauncher,subscribe-by-id
applicationlauncher,subscribe
applicationlauncher,read-event-by-id
applicationlauncher,subscribe-event-by-id
audiooutput,command-by-id
audiooutput,select-output
audiooutput,rename-output
audiooutput,read-by-id
audiooutput,read
audiooutput,write-by-id
audiooutput,force-write
audiooutput,subscribe-by-id
audiooutput,subscribe
audiooutput,read-event-by-id
audiooutput,subscribe-event-by-id
ballastconfiguration,command-by-id
ballastconfiguration,read-by-id
ballastconfiguration,read
ballastconfiguration,write-by-id
ballastconfiguration,force-write
ballastconfiguration,write
ballastconfiguration,subscribe-by-id
ballastconfiguration,subscribe
ballastconfiguration,read-event-by-id
ballastconfiguration,subscribe-event-by-id
barriercontrol,command-by-id
barriercontrol,barrier-control-go-to-percent
barriercontrol,barrier-control-stop
barriercontrol,read-by-id
barriercontrol,read
barriercontrol,write-by-id
barriercontrol,force-write
barriercontrol,write
barriercontrol,subscribe-by-id
barriercontrol,subscribe
barriercontrol,read-event-by-id
barriercontrol,subscribe-event-by-id
basicinformation,command-by-id
basicinformation,mfg-specific-ping
basicinformation,read-by-id
basicinformation,read
basicinformation,write-by-id
basicinformation,force-write
basicinformation,write
basicinformation,subscribe-by-id
basicinformation,subscribe
basicinformation,read-event-by-id
basicinformation,read-event
basicinformation,subscribe-event-by-id
basicinformation,subscribe-event
binaryinputbasic,command-by-id
binaryinputbasic,read-by-id
binaryinputbasic,read
binaryinputbasic,write-by-id
binaryinputbasic,write
binaryinputbasic,force-write
binaryinputbasic,subscribe-by-id
binaryinputbasic,subscribe
binaryinputbasic,read-event-by-id
binaryinputbasic,subscribe-event-by-id
binding,command-by-id
binding,read-by-id
binding,read
binding,write-by-id
binding,write
binding,force-write
binding,subscribe-by-id
binding,subscribe
binding,read-event-by-id
binding,subscribe-event-by-id
booleanstate,command-by-id
booleanstate,read-by-id
booleanstate,read
booleanstate,write-by-id
booleanstate,force-write
booleanstate,subscribe-by-id
booleanstate,subscribe
booleanstate,read-event-by-id
booleanstate,read-event
booleanstate,subscribe-event-by-id
booleanstate,subscribe-event
booleanstateconfiguration,command-by-id
booleanstateconfiguration,suppress-alarm
booleanstateconfiguration,enable-disable-alarm
booleanstateconfiguration,read-by-id
booleanstateconfiguration,read
booleanstateconfiguration,write-by-id
booleanstateconfiguration,write
booleanstateconfiguration,force-write
booleanstateconfiguration,subscribe-by-id
booleanstateconfiguration,subscribe
booleanstateconfiguration,read-event-by-id
booleanstateconfiguration,read-event
booleanstateconfiguration,subscribe-event-by-id
booleanstateconfiguration,subscribe-event
bridgeddevicebasicinformation,command-by-id
bridgeddevicebasicinformation,read-by-id
bridgeddevicebasicinformation,read
bridgeddevicebasicinformation,write-by-id
bridgeddevicebasicinformation,force-write
bridgeddevicebasicinformation,write
bridgeddevicebasicinformation,subscribe-by-id
bridgeddevicebasicinformation,subscribe
bridgeddevicebasicinformation,read-event-by-id
bridgeddevicebasicinformation,read-event
bridgeddevicebasicinformation,subscribe-event-by-id
bridgeddevicebasicinformation,subscribe-event
carbondioxideconcentrationmeasurement,command-by-id
carbondioxideconcentrationmeasurement,read-by-id
carbondioxideconcentrationmeasurement,read
carbondioxideconcentrationmeasurement,write-by-id
carbondioxideconcentrationmeasurement,force-write
carbondioxideconcentrationmeasurement,subscribe-by-id
carbondioxideconcentrationmeasurement,subscribe
carbondioxideconcentrationmeasurement,read-event-by-id
carbondioxideconcentrationmeasurement,subscribe-event-by-id
carbonmonoxideconcentrationmeasurement,command-by-id
carbonmonoxideconcentrationmeasurement,read-by-id
carbonmonoxideconcentrationmeasurement,read
carbonmonoxideconcentrationmeasurement,write-by-id
carbonmonoxideconcentrationmeasurement,force-write
carbonmonoxideconcentrationmeasurement,subscribe-by-id
carbonmonoxideconcentrationmeasurement,subscribe
carbonmonoxideconcentrationmeasurement,read-event-by-id
carbonmonoxideconcentrationmeasurement,subscribe-event-by-id
channel,command-by-id
channel,change-channel
channel,change-channel-by-number
channel,skip-channel
channel,get-program-guide
channel,record-program
channel,cancel-record-program
channel,read-by-id
channel,read
channel,write-by-id
channel,force-write
channel,subscribe-by-id
channel,subscribe
channel,read-event-by-id
channel,subscribe-event-by-id
colorcontrol,command-by-id
colorcontrol,move-to-hue
colorcontrol,move-hue
colorcontrol,step-hue
colorcontrol,move-to-saturation
colorcontrol,move-saturation
colorcontrol,step-saturation
colorcontrol,move-to-hue-and-saturation
colorcontrol,move-to-color
colorcontrol,move-color
colorcontrol,step-color
colorcontrol,move-to-color-temperature
colorcontrol,enhanced-move-to-hue
colorcontrol,enhanced-move-hue
colorcontrol,enhanced-step-hue
colorcontrol,enhanced-move-to-hue-and-saturation
colorcontrol,color-loop-set
colorcontrol,stop-move-step
colorcontrol,move-color-temperature
colorcontrol,step-color-temperature
colorcontrol,read-by-id
colorcontrol,read
colorcontrol,write-by-id
colorcontrol,force-write
colorcontrol,write
colorcontrol,subscribe-by-id
colorcontrol,subscribe
colorcontrol,read-event-by-id
colorcontrol,subscribe-event-by-id
contentappobserver,command-by-id
contentappobserver,content-app-message
contentappobserver,read-by-id
contentappobserver,read
contentappobserver,write-by-id
contentappobserver,force-write
contentappobserver,subscribe-by-id
contentappobserver,subscribe
contentappobserver,read-event-by-id
contentappobserver,subscribe-event-by-id
contentcontrol,command-by-id
contentcontrol,update-pin
contentcontrol,reset-pin
contentcontrol,enable
contentcontrol,disable
contentcontrol,add-bonus-time
contentcontrol,set-screen-daily-time
contentcontrol,block-unrated-content
contentcontrol,unblock-unrated-content
contentcontrol,set-on-demand-rating-threshold
contentcontrol,set-scheduled-content-rating-threshold
contentcontrol,read-by-id
contentcontrol,read
contentcontrol,write-by-id
contentcontrol,force-write
contentcontrol,subscribe-by-id
contentcontrol,subscribe
contentcontrol,read-event-by-id
contentcontrol,read-event
contentcontrol,subscribe-event-by-id
contentcontrol,subscribe-event
contentlauncher,command-by-id
contentlauncher,launch-content
contentlauncher,launch-url
contentlauncher,read-by-id
contentlauncher,read
contentlauncher,write-by-id
contentlauncher,force-write
contentlauncher,subscribe-by-id
contentlauncher,subscribe
contentlauncher,read-event-by-id
contentlauncher,subscribe-event-by-id
demandresponseloadcontrol,command-by-id
demandresponseloadcontrol,register-load-control-program-request
demandresponseloadcontrol,unregister-load-control-program-request
demandresponseloadcontrol,add-load-control-event-request
demandresponseloadcontrol,remove-load-control-event-request
demandresponseloadcontrol,clear-load-control-events-request
demandresponseloadcontrol,read-by-id
demandresponseloadcontrol,read
demandresponseloadcontrol,write-by-id
demandresponseloadcontrol,force-write
demandresponseloadcontrol,write
demandresponseloadcontrol,subscribe-by-id
demandresponseloadcontrol,subscribe
demandresponseloadcontrol,read-event-by-id
demandresponseloadcontrol,read-event
demandresponseloadcontrol,subscribe-event-by-id
demandresponseloadcontrol,subscribe-event
descriptor,command-by-id
descriptor,read-by-id
descriptor,read
descriptor,write-by-id
descriptor,force-write
descriptor,subscribe-by-id
descriptor,subscribe
descriptor,read-event-by-id
descriptor,subscribe-event-by-id
deviceenergymanagement,command-by-id
deviceenergymanagement,power-adjust-request
deviceenergymanagement,cancel-power-adjust-request
deviceenergymanagement,start-time-adjust-request
deviceenergymanagement,pause-request
deviceenergymanagement,resume-request
deviceenergymanagement,modify-forecast-request
deviceenergymanagement,request-constraint-based-forecast
deviceenergymanagement,cancel-request
deviceenergymanagement,read-by-id
deviceenergymanagement,read
deviceenergymanagement,write-by-id
deviceenergymanagement,force-write
deviceenergymanagement,subscribe-by-id
deviceenergymanagement,subscribe
deviceenergymanagement,read-event-by-id
deviceenergymanagement,read-event
deviceenergymanagement,subscribe-event-by-id
deviceenergymanagement,subscribe-event
deviceenergymanagementmode,command-by-id
deviceenergymanagementmode,change-to-mode
deviceenergymanagementmode,read-by-id
deviceenergymanagementmode,read
deviceenergymanagementmode,write-by-id
deviceenergymanagementmode,force-write
deviceenergymanagementmode,write
deviceenergymanagementmode,subscribe-by-id
deviceenergymanagementmode,subscribe
deviceenergymanagementmode,read-event-by-id
deviceenergymanagementmode,subscribe-event-by-id
diagnosticlogs,command-by-id
diagnosticlogs,retrieve-logs-request
diagnosticlogs,read-by-id
diagnosticlogs,read
diagnosticlogs,write-by-id
diagnosticlogs,force-write
diagnosticlogs,subscribe-by-id
diagnosticlogs,subscribe
diagnosticlogs,read-event-by-id
diagnosticlogs,subscribe-event-by-id
dishwasheralarm,command-by-id
dishwasheralarm,reset
dishwasheralarm,modify-enabled-alarms
dishwasheralarm,read-by-id
dishwasheralarm,read
dishwasheralarm,write-by-id
dishwasheralarm,force-write
dishwasheralarm,subscribe-by-id
dishwasheralarm,subscribe
dishwasheralarm,read-event-by-id
dishwasheralarm,read-event
dishwasheralarm,subscribe-event-by-id
dishwasheralarm,subscribe-event
dishwashermode,command-by-id
dishwashermode,change-to-mode
dishwashermode,read-by-id
dishwashermode,read
dishwashermode,write-by-id
dishwashermode,force-write
dishwashermode,write
dishwashermode,subscribe-by-id
dishwashermode,subscribe
dishwashermode,read-event-by-id
dishwashermode,subscribe-event-by-id
doorlock,command-by-id
doorlock,lock-door
doorlock,unlock-door
doorlock,unlock-with-timeout
doorlock,set-week-day-schedule
doorlock,get-week-day-schedule
doorlock,clear-week-day-schedule
doorlock,set-year-day-schedule
doorlock,get-year-day-schedule
doorlock,clear-year-day-schedule
doorlock,set-holiday-schedule
doorlock,get-holiday-schedule
doorlock,clear-holiday-schedule
doorlock,set-user
doorlock,get-user
doorlock,clear-user
doorlock,set-credential
doorlock,get-credential-status
doorlock,clear-credential
doorlock,unbolt-door
doorlock,set-aliro-reader-config
doorlock,clear-aliro-reader-config
doorlock,read-by-id
doorlock,read
doorlock,write-by-id
doorlock,force-write
doorlock,write
doorlock,subscribe-by-id
doorlock,subscribe
doorlock,read-event-by-id
doorlock,read-event
doorlock,subscribe-event-by-id
doorlock,subscribe-event
electricalenergymeasurement,command-by-id
electricalenergymeasurement,read-by-id
electricalenergymeasurement,read
electricalenergymeasurement,write-by-id
electricalenergymeasurement,force-write
electricalenergymeasurement,subscribe-by-id
electricalenergymeasurement,subscribe
electricalenergymeasurement,read-event-by-id
electricalenergymeasurement,read-event
electricalenergymeasurement,subscribe-event-by-id
electricalenergymeasurement,subscribe-event
electricalmeasurement,command-by-id
electricalmeasurement,get-profile-info-command
electricalmeasurement,get-measurement-profile-command
electricalmeasurement,read-by-id
electricalmeasurement,read
electricalmeasurement,write-by-id
electricalmeasurement,force-write
electricalmeasurement,write
electricalmeasurement,subscribe-by-id
electricalmeasurement,subscribe
electricalmeasurement,read-event-by-id
electricalmeasurement,subscribe-event-by-id
electricalpowermeasurement,command-by-id
electricalpowermeasurement,read-by-id
electricalpowermeasurement,read
electricalpowermeasurement,write-by-id
electricalpowermeasurement,force-write
electricalpowermeasurement,subscribe-by-id
electricalpowermeasurement,subscribe
electricalpowermeasurement,read-event-by-id
electricalpowermeasurement,read-event
electricalpowermeasurement,subscribe-event-by-id
electricalpowermeasurement,subscribe-event
energyevse,command-by-id
energyevse,disable
energyevse,enable-charging
energyevse,enable-discharging
energyevse,start-diagnostics
energyevse,set-targets
energyevse,get-targets
energyevse,clear-targets
energyevse,read-by-id
energyevse,read
energyevse,write-by-id
energyevse,force-write
energyevse,write
energyevse,subscribe-by-id
energyevse,subscribe
energyevse,read-event-by-id
energyevse,read-event
energyevse,subscribe-event-by-id
energyevse,subscribe-event
energyevsemode,command-by-id
energyevsemode,change-to-mode
energyevsemode,read-by-id
energyevsemode,read
energyevsemode,write-by-id
energyevsemode,force-write
energyevsemode,write
energyevsemode,subscribe-by-id
energyevsemode,subscribe
energyevsemode,read-event-by-id
energyevsemode,subscribe-event-by-id
energypreference,command-by-id
energypreference,read-by-id
energypreference,read
energypreference,write-by-id
energypreference,force-write
energypreference,write
energypreference,subscribe-by-id
energypreference,subscribe
energypreference,read-event-by-id
energypreference,subscribe-event-by-id
ethernetnetworkdiagnostics,command-by-id
ethernetnetworkdiagnostics,reset-counts
ethernetnetworkdiagnostics,read-by-id
ethernetnetworkdiagnostics,read
ethernetnetworkdiagnostics,write-by-id
ethernetnetworkdiagnostics,force-write
ethernetnetworkdiagnostics,subscribe-by-id
ethernetnetworkdiagnostics,subscribe
ethernetnetworkdiagnostics,read-event-by-id
ethernetnetworkdiagnostics,subscribe-event-by-id
fancontrol,command-by-id
fancontrol,step
fancontrol,read-by-id
fancontrol,read
fancontrol,write-by-id
fancontrol,write
fancontrol,force-write
fancontrol,subscribe-by-id
fancontrol,subscribe
fancontrol,read-event-by-id
fancontrol,subscribe-event-by-id
faultinjection,command-by-id
faultinjection,fail-at-fault
faultinjection,fail-randomly-at-fault
faultinjection,read-by-id
faultinjection,read
faultinjection,write-by-id
faultinjection,force-write
faultinjection,subscribe-by-id
faultinjection,subscribe
faultinjection,read-event-by-id
faultinjection,subscribe-event-by-id
fixedlabel,command-by-id
fixedlabel,read-by-id
fixedlabel,read
fixedlabel,write-by-id
fixedlabel,force-write
fixedlabel,subscribe-by-id
fixedlabel,subscribe
fixedlabel,read-event-by-id
fixedlabel,subscribe-event-by-id
flowmeasurement,command-by-id
flowmeasurement,read-by-id
flowmeasurement,read
flowmeasurement,write-by-id
flowmeasurement,force-write
flowmeasurement,subscribe-by-id
flowmeasurement,subscribe
flowmeasurement,read-event-by-id
flowmeasurement,subscribe-event-by-id
formaldehydeconcentrationmeasurement,command-by-id
formaldehydeconcentrationmeasurement,read-by-id
formaldehydeconcentrationmeasurement,read
formaldehydeconcentrationmeasurement,write-by-id
formaldehydeconcentrationmeasurement,force-write
formaldehydeconcentrationmeasurement,subscribe-by-id
formaldehydeconcentrationmeasurement,subscribe
formaldehydeconcentrationmeasurement,read-event-by-id
formaldehydeconcentrationmeasurement,subscribe-event-by-id
generalcommissioning,command-by-id
generalcommissioning,arm-fail-safe
generalcommissioning,set-regulatory-config
generalcommissioning,commissioning-complete
generalcommissioning,read-by-id
generalcommissioning,read
generalcommissioning,write-by-id
generalcommissioning,write
generalcommissioning,force-write
generalcommissioning,subscribe-by-id
generalcommissioning,subscribe
generalcommissioning,read-event-by-id
generalcommissioning,subscribe-event-by-id
generaldiagnostics,command-by-id
generaldiagnostics,test-event-trigger
generaldiagnostics,time-snapshot
generaldiagnostics,payload-test-request
generaldiagnostics,read-by-id
generaldiagnostics,read
generaldiagnostics,write-by-id
generaldiagnostics,force-write
generaldiagnostics,subscribe-by-id
generaldiagnostics,subscribe
generaldiagnostics,read-event-by-id
generaldiagnostics,read-event
generaldiagnostics,subscribe-event-by-id
generaldiagnostics,subscribe-event
groupkeymanagement,command-by-id
groupkeymanagement,key-set-write
groupkeymanagement,key-set-read
groupkeymanagement,key-set-remove
groupkeymanagement,key-set-read-all-indices
groupkeymanagement,read-by-id
groupkeymanagement,read
groupkeymanagement,write-by-id
groupkeymanagement,write
groupkeymanagement,force-write
groupkeymanagement,subscribe-by-id
groupkeymanagement,subscribe
groupkeymanagement,read-event-by-id
groupkeymanagement,subscribe-event-by-id
groups,command-by-id
groups,add-group
groups,view-group
groups,get-group-membership
groups,remove-group
groups,remove-all-groups
groups,add-group-if-identifying
groups,read-by-id
groups,read
groups,write-by-id
groups,force-write
groups,subscribe-by-id
groups,subscribe
groups,read-event-by-id
groups,subscribe-event-by-id
hepafiltermonitoring,command-by-id
hepafiltermonitoring,reset-condition
hepafiltermonitoring,read-by-id
hepafiltermonitoring,read
hepafiltermonitoring,write-by-id
hepafiltermonitoring,force-write
hepafiltermonitoring,write
hepafiltermonitoring,subscribe-by-id
hepafiltermonitoring,subscribe
hepafiltermonitoring,read-event-by-id
hepafiltermonitoring,subscribe-event-by-id
icdmanagement,command-by-id
icdmanagement,register-client
icdmanagement,unregister-client
icdmanagement,stay-active-request
icdmanagement,read-by-id
icdmanagement,read
icdmanagement,write-by-id
icdmanagement,force-write
icdmanagement,subscribe-by-id
icdmanagement,subscribe
icdmanagement,read-event-by-id
icdmanagement,subscribe-event-by-id
identify,command-by-id
identify,identify
identify,trigger-effect
identify,read-by-id
identify,read
identify,write-by-id
identify,write
identify,force-write
identify,subscribe-by-id
identify,subscribe
identify,read-event-by-id
identify,subscribe-event-by-id
illuminancemeasurement,command-by-id
illuminancemeasurement,read-by-id
illuminancemeasurement,read
illuminancemeasurement,write-by-id
illuminancemeasurement,force-write
illuminancemeasurement,subscribe-by-id
illuminancemeasurement,subscribe
illuminancemeasurement,read-event-by-id
illuminancemeasurement,subscribe-event-by-id
keypadinput,command-by-id
keypadinput,send-key
keypadinput,read-by-id
keypadinput,read
keypadinput,write-by-id
keypadinput,force-write
keypadinput,subscribe-by-id
keypadinput,subscribe
keypadinput,read-event-by-id
keypadinput,subscribe-event-by-id
laundrydryercontrols,command-by-id
laundrydryercontrols,read-by-id
laundrydryercontrols,read
laundrydryercontrols,write-by-id
laundrydryercontrols,force-write
laundrydryercontrols,write
laundrydryercontrols,subscribe-by-id
laundrydryercontrols,subscribe
laundrydryercontrols,read-event-by-id
laundrydryercontrols,subscribe-event-by-id
laundrywashercontrols,command-by-id
laundrywashercontrols,read-by-id
laundrywashercontrols,read
laundrywashercontrols,write-by-id
laundrywashercontrols,force-write
laundrywashercontrols,write
laundrywashercontrols,subscribe-by-id
laundrywashercontrols,subscribe
laundrywashercontrols,read-event-by-id
laundrywashercontrols,subscribe-event-by-id
laundrywashermode,command-by-id
laundrywashermode,change-to-mode
laundrywashermode,read-by-id
laundrywashermode,read
laundrywashermode,write-by-id
laundrywashermode,force-write
laundrywashermode,write
laundrywashermode,subscribe-by-id
laundrywashermode,subscribe
laundrywashermode,read-event-by-id
laundrywashermode,subscribe-event-by-id
levelcontrol,command-by-id
levelcontrol,move-to-level
levelcontrol,move
levelcontrol,step
levelcontrol,stop
levelcontrol,move-to-level-with-on-off
levelcontrol,move-with-on-off
levelcontrol,step-with-on-off
levelcontrol,stop-with-on-off
levelcontrol,move-to-closest-frequency
levelcontrol,read-by-id
levelcontrol,read
levelcontrol,write-by-id
levelcontrol,force-write
levelcontrol,write
levelcontrol,subscribe-by-id
levelcontrol,subscribe
levelcontrol,read-event-by-id
levelcontrol,subscribe-event-by-id
localizationconfiguration,command-by-id
localizationconfiguration,read-by-id
localizationconfiguration,read
localizationconfiguration,write-by-id
localizationconfiguration,write
localizationconfiguration,force-write
localizationconfiguration,subscribe-by-id
localizationconfiguration,subscribe
localizationconfiguration,read-event-by-id
localizationconfiguration,subscribe-event-by-id
lowpower,command-by-id
lowpower,sleep
lowpower,read-by-id
lowpower,read
lowpower,write-by-id
lowpower,force-write
lowpower,subscribe-by-id
lowpower,subscribe
lowpower,read-event-by-id
lowpower,subscribe-event-by-id
mediainput,command-by-id
mediainput,select-input
mediainput,show-input-status
mediainput,hide-input-status
mediainput,rename-input
mediainput,read-by-id
mediainput,read
mediainput,write-by-id
mediainput,force-write
mediainput,subscribe-by-id
mediainput,subscribe
mediainput,read-event-by-id
mediainput,subscribe-event-by-id
mediaplayback,command-by-id
mediaplayback,play
mediaplayback,pause
mediaplayback,stop
mediaplayback,start-over
mediaplayback,previous
mediaplayback,next
mediaplayback,rewind
mediaplayback,fast-forward
mediaplayback,skip-forward
mediaplayback,skip-backward
mediaplayback,seek
mediaplayback,activate-audio-track
mediaplayback,activate-text-track
mediaplayback,deactivate-text-track
mediaplayback,read-by-id
mediaplayback,read
mediaplayback,write-by-id
mediaplayback,force-write
mediaplayback,subscribe-by-id
mediaplayback,subscribe
mediaplayback,read-event-by-id
mediaplayback,read-event
mediaplayback,subscribe-event-by-id
mediaplayback,subscribe-event
messages,command-by-id
messages,present-messages-request
messages,cancel-messages-request
messages,read-by-id
messages,read
messages,write-by-id
messages,force-write
messages,subscribe-by-id
messages,subscribe
messages,read-event-by-id
messages,read-event
messages,subscribe-event-by-id
messages,subscribe-event
microwaveovencontrol,command-by-id
microwaveovencontrol,set-cooking-parameters
microwaveovencontrol,add-more-time
microwaveovencontrol,read-by-id
microwaveovencontrol,read
microwaveovencontrol,write-by-id
microwaveovencontrol,force-write
microwaveovencontrol,subscribe-by-id
microwaveovencontrol,subscribe
microwaveovencontrol,read-event-by-id
microwaveovencontrol,subscribe-event-by-id
microwaveovenmode,command-by-id
microwaveovenmode,read-by-id
microwaveovenmode,read
microwaveovenmode,write-by-id
microwaveovenmode,force-write
microwaveovenmode,subscribe-by-id
microwaveovenmode,subscribe
microwaveovenmode,read-event-by-id
microwaveovenmode,subscribe-event-by-id
modeselect,command-by-id
modeselect,change-to-mode
modeselect,read-by-id
modeselect,read
modeselect,write-by-id
modeselect,force-write
modeselect,write
modeselect,subscribe-by-id
modeselect,subscribe
modeselect,read-event-by-id
modeselect,subscribe-event-by-id
networkcommissioning,command-by-id
networkcommissioning,scan-networks
networkcommissioning,add-or-update-wi-fi-network
networkcommissioning,add-or-update-thread-network
networkcommissioning,remove-network
networkcommissioning,connect-network
networkcommissioning,reorder-network
networkcommissioning,query-identity
networkcommissioning,read-by-id
networkcommissioning,read
networkcommissioning,write-by-id
networkcommissioning,force-write
networkcommissioning,write
networkcommissioning,subscribe-by-id
networkcommissioning,subscribe
networkcommissioning,read-event-by-id
networkcommissioning,subscribe-event-by-id
nitrogendioxideconcentrationmeasurement,command-by-id
nitrogendioxideconcentrationmeasurement,read-by-id
nitrogendioxideconcentrationmeasurement,read
nitrogendioxideconcentrationmeasurement,write-by-id
nitrogendioxideconcentrationmeasurement,force-write
nitrogendioxideconcentrationmeasurement,subscribe-by-id
nitrogendioxideconcentrationmeasurement,subscribe
nitrogendioxideconcentrationmeasurement,read-event-by-id
nitrogendioxideconcentrationmeasurement,subscribe-event-by-id
occupancysensing,command-by-id
occupancysensing,read-by-id
occupancysensing,read
occupancysensing,write-by-id
occupancysensing,force-write
occupancysensing,write
occupancysensing,subscribe-by-id
occupancysensing,subscribe
occupancysensing,read-event-by-id
occupancysensing,subscribe-event-by-id
onoff,command-by-id
onoff,off
onoff,on
onoff,toggle
onoff,off-with-effect
onoff,on-with-recall-global-scene
onoff,on-with-timed-off
onoff,read-by-id
onoff,read
onoff,write-by-id
onoff,force-write
onoff,write
onoff,subscribe-by-id
onoff,subscribe
onoff,read-event-by-id
onoff,subscribe-event-by-id
onoffswitchconfiguration,command-by-id
onoffswitchconfiguration,read-by-id
onoffswitchconfiguration,read
onoffswitchconfiguration,write-by-id
onoffswitchconfiguration,force-write
onoffswitchconfiguration,write
onoffswitchconfiguration,subscribe-by-id
onoffswitchconfiguration,subscribe
onoffswitchconfiguration,read-event-by-id
onoffswitchconfiguration,subscribe-event-by-id
operationalcredentials,command-by-id
operationalcredentials,attestation-request
operationalcredentials,certificate-chain-request
operationalcredentials,csrrequest
operationalcredentials,add-noc
operationalcredentials,update-noc
operationalcredentials,update-fabric-label
operationalcredentials,remove-fabric
operationalcredentials,add-trusted-root-certificate
operationalcredentials,read-by-id
operationalcredentials,read
operationalcredentials,write-by-id
operationalcredentials,force-write
operationalcredentials,subscribe-by-id
operationalcredentials,subscribe
operationalcredentials,read-event-by-id
operationalcredentials,subscribe-event-by-id
operationalstate,command-by-id
operationalstate,pause
operationalstate,stop
operationalstate,start
operationalstate,resume
operationalstate,read-by-id
operationalstate,read
operationalstate,write-by-id
operationalstate,force-write
operationalstate,subscribe-by-id
operationalstate,subscribe
operationalstate,read-event-by-id
operationalstate,read-event
operationalstate,subscribe-event-by-id
operationalstate,subscribe-event
otasoftwareupdateprovider,command-by-id
otasoftwareupdateprovider,query-image
otasoftwareupdateprovider,apply-update-request
otasoftwareupdateprovider,notify-update-applied
otasoftwareupdateprovider,read-by-id
otasoftwareupdateprovider,read
otasoftwareupdateprovider,write-by-id
otasoftwareupdateprovider,force-write
otasoftwareupdateprovider,subscribe-by-id
otasoftwareupdateprovider,subscribe
otasoftwareupdateprovider,read-event-by-id
otasoftwareupdateprovider,subscribe-event-by-id
otasoftwareupdaterequestor,command-by-id
otasoftwareupdaterequestor,announce-otaprovider
otasoftwareupdaterequestor,read-by-id
otasoftwareupdaterequestor,read
otasoftwareupdaterequestor,write-by-id
otasoftwareupdaterequestor,write
otasoftwareupdaterequestor,force-write
otasoftwareupdaterequestor,subscribe-by-id
otasoftwareupdaterequestor,subscribe
otasoftwareupdaterequestor,read-event-by-id
otasoftwareupdaterequestor,read-event
otasoftwareupdaterequestor,subscribe-event-by-id
otasoftwareupdaterequestor,subscribe-event
ovencavityoperationalstate,command-by-id
ovencavityoperationalstate,pause
ovencavityoperationalstate,stop
ovencavityoperationalstate,start
ovencavityoperationalstate,resume
ovencavityoperationalstate,read-by-id
ovencavityoperationalstate,read
ovencavityoperationalstate,write-by-id
ovencavityoperationalstate,force-write
ovencavityoperationalstate,subscribe-by-id
ovencavityoperationalstate,subscribe
ovencavityoperationalstate,read-event-by-id
ovencavityoperationalstate,read-event
ovencavityoperationalstate,subscribe-event-by-id
ovencavityoperationalstate,subscribe-event
ovenmode,command-by-id
ovenmode,change-to-mode
ovenmode,read-by-id
ovenmode,read
ovenmode,write-by-id
ovenmode,force-write
ovenmode,write
ovenmode,subscribe-by-id
ovenmode,subscribe
ovenmode,read-event-by-id
ovenmode,subscribe-event-by-id
ozoneconcentrationmeasurement,command-by-id
ozoneconcentrationmeasurement,read-by-id
ozoneconcentrationmeasurement,read
ozoneconcentrationmeasurement,write-by-id
ozoneconcentrationmeasurement,force-write
ozoneconcentrationmeasurement,subscribe-by-id
ozoneconcentrationmeasurement,subscribe
ozoneconcentrationmeasurement,read-event-by-id
ozoneconcentrationmeasurement,subscribe-event-by-id
pm10concentrationmeasurement,command-by-id
pm10concentrationmeasurement,read-by-id
pm10concentrationmeasurement,read
pm10concentrationmeasurement,write-by-id
pm10concentrationmeasurement,force-write
pm10concentrationmeasurement,subscribe-by-id
pm10concentrationmeasurement,subscribe
pm10concentrationmeasurement,read-event-by-id
pm10concentrationmeasurement,subscribe-event-by-id
pm1concentrationmeasurement,command-by-id
pm1concentrationmeasurement,read-by-id
pm1concentrationmeasurement,read
pm1concentrationmeasurement,write-by-id
pm1concentrationmeasurement,force-write
pm1concentrationmeasurement,subscribe-by-id
pm1concentrationmeasurement,subscribe
pm1concentrationmeasurement,read-event-by-id
pm1concentrationmeasurement,subscribe-event-by-id
pm25concentrationmeasurement,command-by-id
pm25concentrationmeasurement,read-by-id
pm25concentrationmeasurement,read
pm25concentrationmeasurement,write-by-id
pm25concentrationmeasurement,force-write
pm25concentrationmeasurement,subscribe-by-id
pm25concentrationmeasurement,subscribe
pm25concentrationmeasurement,read-event-by-id
pm25concentrationmeasurement,subscribe-event-by-id
powersource,command-by-id
powersource,read-by-id
powersource,read
powersource,write-by-id
powersource,force-write
powersource,subscribe-by-id
powersource,subscribe
powersource,read-event-by-id
powersource,read-event
powersource,subscribe-event-by-id
powersource,subscribe-event
powersourceconfiguration,command-by-id
powersourceconfiguration,read-by-id
powersourceconfiguration,read
powersourceconfiguration,write-by-id
powersourceconfiguration,force-write
powersourceconfiguration,subscribe-by-id
powersourceconfiguration,subscribe
powersourceconfiguration,read-event-by-id
powersourceconfiguration,subscribe-event-by-id
powertopology,command-by-id
powertopology,read-by-id
powertopology,read
powertopology,write-by-id
powertopology,force-write
powertopology,subscribe-by-id
powertopology,subscribe
powertopology,read-event-by-id
powertopology,subscribe-event-by-id
pressuremeasurement,command-by-id
pressuremeasurement,read-by-id
pressuremeasurement,read
pressuremeasurement,write-by-id
pressuremeasurement,force-write
pressuremeasurement,subscribe-by-id
pressuremeasurement,subscribe
pressuremeasurement,read-event-by-id
pressuremeasurement,subscribe-event-by-id
proxyconfiguration,command-by-id
proxyconfiguration,read-by-id
proxyconfiguration,read
proxyconfiguration,write-by-id
proxyconfiguration,force-write
proxyconfiguration,subscribe-by-id
proxyconfiguration,subscribe
proxyconfiguration,read-event-by-id
proxyconfiguration,subscribe-event-by-id
proxydiscovery,command-by-id
proxydiscovery,read-by-id
proxydiscovery,read
proxydiscovery,write-by-id
proxydiscovery,force-write
proxydiscovery,subscribe-by-id
proxydiscovery,subscribe
proxydiscovery,read-event-by-id
proxydiscovery,subscribe-event-by-id
proxyvalid,command-by-id
proxyvalid,read-by-id
proxyvalid,read
proxyvalid,write-by-id
proxyvalid,force-write
proxyvalid,subscribe-by-id
proxyvalid,subscribe
proxyvalid,read-event-by-id
proxyvalid,subscribe-event-by-id
pulsewidthmodulation,command-by-id
pulsewidthmodulation,read-by-id
pulsewidthmodulation,read
pulsewidthmodulation,write-by-id
pulsewidthmodulation,force-write
pulsewidthmodulation,subscribe-by-id
pulsewidthmodulation,subscribe
pulsewidthmodulation,read-event-by-id
pulsewidthmodulation,subscribe-event-by-id
pumpconfigurationandcontrol,command-by-id
pumpconfigurationandcontrol,read-by-id
pumpconfigurationandcontrol,read
pumpconfigurationandcontrol,write-by-id
pumpconfigurationandcontrol,force-write
pumpconfigurationandcontrol,write
pumpconfigurationandcontrol,subscribe-by-id
pumpconfigurationandcontrol,subscribe
pumpconfigurationandcontrol,read-event-by-id
pumpconfigurationandcontrol,read-event
pumpconfigurationandcontrol,subscribe-event-by-id
pumpconfigurationandcontrol,subscribe-event
radonconcentrationmeasurement,command-by-id
radonconcentrationmeasurement,read-by-id
radonconcentrationmeasurement,read
radonconcentrationmeasurement,write-by-id
radonconcentrationmeasurement,force-write
radonconcentrationmeasurement,subscribe-by-id
radonconcentrationmeasurement,subscribe
radonconcentrationmeasurement,read-event-by-id
radonconcentrationmeasurement,subscribe-event-by-id
refrigeratoralarm,command-by-id
refrigeratoralarm,read-by-id
refrigeratoralarm,read
refrigeratoralarm,write-by-id
refrigeratoralarm,force-write
refrigeratoralarm,subscribe-by-id
refrigeratoralarm,subscribe
refrigeratoralarm,read-event-by-id
refrigeratoralarm,read-event
refrigeratoralarm,subscribe-event-by-id
refrigeratoralarm,subscribe-event
refrigeratorandtemperaturecontrolledcabinetmode,command-by-id
refrigeratorandtemperaturecontrolledcabinetmode,change-to-mode
refrigeratorandtemperaturecontrolledcabinetmode,read-by-id
refrigeratorandtemperaturecontrolledcabinetmode,read
refrigeratorandtemperaturecontrolledcabinetmode,write-by-id
refrigeratorandtemperaturecontrolledcabinetmode,force-write
refrigeratorandtemperaturecontrolledcabinetmode,write
refrigeratorandtemperaturecontrolledcabinetmode,subscribe-by-id
refrigeratorandtemperaturecontrolledcabinetmode,subscribe
refrigeratorandtemperaturecontrolledcabinetmode,read-event-by-id
refrigeratorandtemperaturecontrolledcabinetmode,subscribe-event-by-id
relativehumiditymeasurement,command-by-id
relativehumiditymeasurement,read-by-id
relativehumiditymeasurement,read
relativehumiditymeasurement,write-by-id
relativehumiditymeasurement,force-write
relativehumiditymeasurement,subscribe-by-id
relativehumiditymeasurement,subscribe
relativehumiditymeasurement,read-event-by-id
relativehumiditymeasurement,subscribe-event-by-id
rvccleanmode,command-by-id
rvccleanmode,change-to-mode
rvccleanmode,read-by-id
rvccleanmode,read
rvccleanmode,write-by-id
rvccleanmode,force-write
rvccleanmode,subscribe-by-id
rvccleanmode,subscribe
rvccleanmode,read-event-by-id
rvccleanmode,subscribe-event-by-id
rvcoperationalstate,command-by-id
rvcoperationalstate,pause
rvcoperationalstate,resume
rvcoperationalstate,go-home
rvcoperationalstate,read-by-id
rvcoperationalstate,read
rvcoperationalstate,write-by-id
rvcoperationalstate,force-write
rvcoperationalstate,subscribe-by-id
rvcoperationalstate,subscribe
rvcoperationalstate,read-event-by-id
rvcoperationalstate,read-event
rvcoperationalstate,subscribe-event-by-id
rvcoperationalstate,subscribe-event
rvcrunmode,command-by-id
rvcrunmode,change-to-mode
rvcrunmode,read-by-id
rvcrunmode,read
rvcrunmode,write-by-id
rvcrunmode,force-write
rvcrunmode,subscribe-by-id
rvcrunmode,subscribe
rvcrunmode,read-event-by-id
rvcrunmode,subscribe-event-by-id
samplemei,command-by-id
samplemei,ping
samplemei,add-arguments
samplemei,read-by-id
samplemei,read
samplemei,write-by-id
samplemei,write
samplemei,force-write
samplemei,subscribe-by-id
samplemei,subscribe
samplemei,read-event-by-id
samplemei,read-event
samplemei,subscribe-event-by-id
samplemei,subscribe-event
scenesmanagement,command-by-id
scenesmanagement,add-scene
scenesmanagement,view-scene
scenesmanagement,remove-scene
scenesmanagement,remove-all-scenes
scenesmanagement,store-scene
scenesmanagement,recall-scene
scenesmanagement,get-scene-membership
scenesmanagement,copy-scene
scenesmanagement,read-by-id
scenesmanagement,read
scenesmanagement,write-by-id
scenesmanagement,force-write
scenesmanagement,subscribe-by-id
scenesmanagement,subscribe
scenesmanagement,read-event-by-id
scenesmanagement,subscribe-event-by-id
smokecoalarm,command-by-id
smokecoalarm,self-test-request
smokecoalarm,read-by-id
smokecoalarm,read
smokecoalarm,write-by-id
smokecoalarm,force-write
smokecoalarm,write
smokecoalarm,subscribe-by-id
smokecoalarm,subscribe
smokecoalarm,read-event-by-id
smokecoalarm,read-event
smokecoalarm,subscribe-event-by-id
smokecoalarm,subscribe-event
softwarediagnostics,command-by-id
softwarediagnostics,reset-watermarks
softwarediagnostics,read-by-id
softwarediagnostics,read
softwarediagnostics,write-by-id
softwarediagnostics,force-write
softwarediagnostics,subscribe-by-id
softwarediagnostics,subscribe
softwarediagnostics,read-event-by-id
softwarediagnostics,read-event
softwarediagnostics,subscribe-event-by-id
softwarediagnostics,subscribe-event
switch,command-by-id
switch,read-by-id
switch,read
switch,write-by-id
switch,force-write
switch,subscribe-by-id
switch,subscribe
switch,read-event-by-id
switch,read-event
switch,subscribe-event-by-id
switch,subscribe-event
targetnavigator,command-by-id
targetnavigator,navigate-target
targetnavigator,read-by-id
targetnavigator,read
targetnavigator,write-by-id
targetnavigator,force-write
targetnavigator,subscribe-by-id
targetnavigator,subscribe
targetnavigator,read-event-by-id
targetnavigator,read-event
targetnavigator,subscribe-event-by-id
targetnavigator,subscribe-event
temperaturecontrol,command-by-id
temperaturecontrol,set-temperature
temperaturecontrol,read-by-id
temperaturecontrol,read
temperaturecontrol,write-by-id
temperaturecontrol,force-write
temperaturecontrol,subscribe-by-id
temperaturecontrol,subscribe
temperaturecontrol,read-event-by-id
temperaturecontrol,subscribe-event-by-id
temperaturemeasurement,command-by-id
temperaturemeasurement,read-by-id
temperaturemeasurement,read
temperaturemeasurement,write-by-id
temperaturemeasurement,force-write
temperaturemeasurement,subscribe-by-id
temperaturemeasurement,subscribe
temperaturemeasurement,read-event-by-id
temperaturemeasurement,subscribe-event-by-id
thermostat,command-by-id
thermostat,setpoint-raise-lower
thermostat,set-weekly-schedule
thermostat,get-weekly-schedule
thermostat,clear-weekly-schedule
thermostat,set-active-schedule-request
thermostat,set-active-preset-request
thermostat,start-presets-schedules-edit-request
thermostat,cancel-presets-schedules-edit-request
thermostat,commit-presets-schedules-request
thermostat,cancel-set-active-preset-request
thermostat,set-temperature-setpoint-hold-policy
thermostat,read-by-id
thermostat,read
thermostat,write-by-id
thermostat,force-write
thermostat,write
thermostat,subscribe-by-id
thermostat,subscribe
thermostat,read-event-by-id
thermostat,subscribe-event-by-id
thermostatuserinterfaceconfiguration,command-by-id
thermostatuserinterfaceconfiguration,read-by-id
thermostatuserinterfaceconfiguration,read
thermostatuserinterfaceconfiguration,write-by-id
thermostatuserinterfaceconfiguration,write
thermostatuserinterfaceconfiguration,force-write
thermostatuserinterfaceconfiguration,subscribe-by-id
thermostatuserinterfaceconfiguration,subscribe
thermostatuserinterfaceconfiguration,read-event-by-id
thermostatuserinterfaceconfiguration,subscribe-event-by-id
threadnetworkdiagnostics,command-by-id
threadnetworkdiagnostics,reset-counts
threadnetworkdiagnostics,read-by-id
threadnetworkdiagnostics,read
threadnetworkdiagnostics,write-by-id
threadnetworkdiagnostics,force-write
threadnetworkdiagnostics,subscribe-by-id
threadnetworkdiagnostics,subscribe
threadnetworkdiagnostics,read-event-by-id
threadnetworkdiagnostics,read-event
threadnetworkdiagnostics,subscribe-event-by-id
threadnetworkdiagnostics,subscribe-event
timeformatlocalization,command-by-id
timeformatlocalization,read-by-id
timeformatlocalization,read
timeformatlocalization,write-by-id
timeformatlocalization,write
timeformatlocalization,force-write
timeformatlocalization,subscribe-by-id
timeformatlocalization,subscribe
timeformatlocalization,read-event-by-id
timeformatlocalization,subscribe-event-by-id
timesynchronization,command-by-id
timesynchronization,set-utctime
timesynchronization,set-trusted-time-source
timesynchronization,set-time-zone
timesynchronization,set-dstoffset
timesynchronization,set-default-ntp
timesynchronization,read-by-id
timesynchronization,read
timesynchronization,write-by-id
timesynchronization,force-write
timesynchronization,subscribe-by-id
timesynchronization,subscribe
timesynchronization,read-event-by-id
timesynchronization,read-event
timesynchronization,subscribe-event-by-id
timesynchronization,subscribe-event
timer,command-by-id
timer,set-timer
timer,reset-timer
timer,add-time
timer,reduce-time
timer,read-by-id
timer,read
timer,write-by-id
timer,force-write
timer,subscribe-by-id
timer,subscribe
timer,read-event-by-id
timer,subscribe-event-by-id
totalvolatileorganiccompoundsconcentrationmeasurement,command-by-id
totalvolatileorganiccompoundsconcentrationmeasurement,read-by-id
totalvolatileorganiccompoundsconcentrationmeasurement,read
totalvolatileorganiccompoundsconcentrationmeasurement,write-by-id
totalvolatileorganiccompoundsconcentrationmeasurement,force-write
totalvolatileorganiccompoundsconcentrationmeasurement,subscribe-by-id
totalvolatileorganiccompoundsconcentrationmeasurement,subscribe
totalvolatileorganiccompoundsconcentrationmeasurement,read-event-by-id
totalvolatileorganiccompoundsconcentrationmeasurement,subscribe-event-by-id
unitlocalization,command-by-id
unitlocalization,read-by-id
unitlocalization,read
unitlocalization,write-by-id
unitlocalization,write
unitlocalization,force-write
unitlocalization,subscribe-by-id
unitlocalization,subscribe
unitlocalization,read-event-by-id
unitlocalization,subscribe-event-by-id
unittesting,command-by-id
unittesting,test
unittesting,test-not-handled
unittesting,test-specific
unittesting,test-unknown-command
unittesting,test-add-arguments
unittesting,test-simple-argument-request
unittesting,test-struct-array-argument-request
unittesting,test-struct-argument-request
unittesting,test-nested-struct-argument-request
unittesting,test-list-struct-argument-request
unittesting,test-list-int8uargument-request
unittesting,test-nested-struct-list-argument-request
unittesting,test-list-nested-struct-list-argument-request
unittesting,test-list-int8ureverse-request
unittesting,test-enums-request
unittesting,test-nullable-optional-request
unittesting,test-complex-nullable-optional-request
unittesting,simple-struct-echo-request
unittesting,timed-invoke-request
unittesting,test-simple-optional-argument-request
unittesting,test-emit-test-event-request
unittesting,test-emit-test-fabric-scoped-event-request
unittesting,test-batch-helper-request
unittesting,test-second-batch-helper-request
unittesting,test-different-vendor-mei-request
unittesting,read-by-id
unittesting,read
unittesting,write-by-id
unittesting,write
unittesting,force-write
unittesting,subscribe-by-id
unittesting,subscribe
unittesting,read-event-by-id
unittesting,read-event
unittesting,subscribe-event-by-id
unittesting,subscribe-event
userlabel,command-by-id
userlabel,read-by-id
userlabel,read
userlabel,write-by-id
userlabel,write
userlabel,force-write
userlabel,subscribe-by-id
userlabel,subscribe
userlabel,read-event-by-id
userlabel,subscribe-event-by-id
valveconfigurationandcontrol,command-by-id
valveconfigurationandcontrol,open
valveconfigurationandcontrol,close
valveconfigurationandcontrol,read-by-id
valveconfigurationandcontrol,read
valveconfigurationandcontrol,write-by-id
valveconfigurationandcontrol,force-write
valveconfigurationandcontrol,write
valveconfigurationandcontrol,subscribe-by-id
valveconfigurationandcontrol,subscribe
valveconfigurationandcontrol,read-event-by-id
valveconfigurationandcontrol,read-event
valveconfigurationandcontrol,subscribe-event-by-id
valveconfigurationandcontrol,subscribe-event
wakeonlan,command-by-id
wakeonlan,read-by-id
wakeonlan,read
wakeonlan,write-by-id
wakeonlan,force-write
wakeonlan,subscribe-by-id
wakeonlan,subscribe
wakeonlan,read-event-by-id
wakeonlan,subscribe-event-by-id
wifinetworkdiagnostics,command-by-id
wifinetworkdiagnostics,reset-counts
wifinetworkdiagnostics,read-by-id
wifinetworkdiagnostics,read
wifinetworkdiagnostics,write-by-id
wifinetworkdiagnostics,force-write
wifinetworkdiagnostics,subscribe-by-id
wifinetworkdiagnostics,subscribe
wifinetworkdiagnostics,read-event-by-id
wifinetworkdiagnostics,read-event
wifinetworkdiagnostics,subscribe-event-by-id
wifinetworkdiagnostics,subscribe-event
windowcovering,command-by-id
windowcovering,up-or-open
windowcovering,down-or-close
windowcovering,stop-motion
windowcovering,go-to-lift-value
windowcovering,go-to-lift-percentage
windowcovering,go-to-tilt-value
windowcovering,go-to-tilt-percentage
windowcovering,read-by-id
windowcovering,read
windowcovering,write-by-id
windowcovering,force-write
windowcovering,write
windowcovering,subscribe-by-id
windowcovering,subscribe
windowcovering,read-event-by-id
windowcovering,subscribe-event-by-id
any,command-by-id
any,read-by-id
any,write-by-id
any,subscribe-by-id
any,read-event-by-id
any,subscribe-event-by-id
any,read-none
any,read-all
any,subscribe-none
any,subscribe-all
delay,sleep
delay,wait-for-commissionee
discover,resolve
discover,find-commissionable-by-short-discriminator
discover,find-commissionable-by-long-discriminator
discover,find-commissionable-by-vendor-id
discover,find-commissionable-by-device-type
groupsettings,add-group
groupsettings,remove-group
groupsettings,bind-keyset
groupsettings,unbind-keyset
groupsettings,add-keysets
groupsettings,remove-keyset
pairing,unpair
pairing,code
pairing,code-paseonly
pairing,code-wifi
pairing,code-thread
pairing,ble-wifi
pairing,ble-thread
pairing,softap
pairing,already-discovered
pairing,already-discovered-by-index
pairing,already-discovered-by-index-with-wifi
pairing,already-discovered-by-index-with-code
pairing,onnetwork
pairing,onnetwork-short
pairing,onnetwork-long
pairing,onnetwork-vendor
pairing,onnetwork-commissioning-mode
pairing,onnetwork-commissioner
pairing,onnetwork-device-type
pairing,onnetwork-instance-name
pairing,open-commissioning-window
pairing,issue-noc-chain
payload,parse-setup-payload
payload,parse-additional-data-payload
payload,verhoeff-verify
payload,verhoeff-generate
sessionmanagement,send-close-session
sessionmanagement,expire-case-sessions
subscriptions,shutdown-one
subscriptions,shutdown-all-for-node
interactive,start
interactive,server
storage,clear-all
